Lie,TOP,10630,34191
헬렌 Helen,TOP,10630,30509
MinnyMinny,WWW,10627,29888
DEVIL,KOR,10624,28428
Ditto 💥,KOR,10624,28209
Ssun,TOP,10629,28036
DORAYME,WWW,10627,28023
Julie,TOP,10630,27794
Dance 🌐털보,TOP,10630,27377
테슬라,TOP,10630,26933
Yamato,WWW,10627,26772
Jennie 🔥,WWW,10626,26335
루아리 Luari,TOP,10629,26276
👀Ver Cận,WWW,10626,26059
WABI,KOR,10624,25944
Der Held,VNM,10632,25898
GodLike,TOP,10629,25875
Gà con,WWW,10627,25668
Angie 💜,TOP,10630,25599
Anubis,KOR,10624,25323
Ari,KOR,10624,25207
____SIMBÃ 🦁,WWW,10626,25086
Rocky,TOP,10630,25047
Vũ84,WWW,10627,24909
Vua Tộc,VNM,10632,24771
찌아럽,TOP,10629,24745
VôMinh,TOP,10630,24633
ShiBi,VNM,10632,24296
March CG,KOR,10623,24042
AppleC 🍎,VNM,10632,24012
구름 cloud,TOP,10629,23920
VuaLâmTặc,VNM,10632,23805
LAM,KOR,10624,23768
Ung 🌈철웅,TOP,10630,23322
xuyt 🗣️,VNM,10631,23287
khéo bánh,WWW,10627,22977
Jayce,TOP,10629,22747
H,TOP,10630,22701
YaYa 🌼,TOP,10629,22678
kiwi 🥝,WWW,10626,22632
阿弦,WWW,10626,22493
SOM,KOR,10623,22080
SEA,KOR,10624,21999
23savage,TOP,10630,21838
shank one,TOP,10630,21804
Maybach,WWW,10627,21699
Hot dog,TOP,10630,21321
• Nami,TOP,10630,21215
i am wal,VNM,10632,21114
0akzapata,TOP,10630,20976
몽 🐾,TOP,10630,20907
RyanNguyen,WWW,10627,20830
Vua Mèo,VNM,10632,20700
Spirit,WWW,10626,20562
ALD1,KOR,10624,20524
Peekaboo,TOP,10629,20410
짱하 고해뜰날,TOP,10629,20325
🐒Khỉ Mập,WWW,10626,20148
Ares,TOP,10629,20146
Orthos,WWW,10627,20077
Chrollo,KOR,10624,19940
Ares,KOR,10623,19596
브란테,TOP,10630,19215
KSHunter,TOP,10630,19137
Yuihin,TOP,10630,18939
Lêu Lêu 🐣,WWW,10627,18906
阿貓,WWW,10626,18802
Hoshi,KOR,10624,18627
Pork Belly,WWW,10627,18492
何必問,WWW,10626,18047
인터쉽,KOR,10623,18039
무쌍,TOP,10630,18009
• Saint •,WWW,10626,18007
chacha,TOP,10629,17715
Lory,WWW,10626,17593
Jollibee 🐸,WWW,10626,17503
Kent,KOR,10624,17319
Ishizuku,KOR,10623,17304
POWER,TOP,10630,17279
👥mute 🔇,WWW,10627,17086
아오,KOR,10623,17042
망나니 mang,TOP,10629,16937
SAIMING 🌿,WWW,10626,16863
Miu 🎀,WWW,10626,16766
처리,TOP,10630,16718
💜かすん💜🫐,WWW,10626,16560
meiko_G,TOP,10630,16558
Evil Son,WWW,10627,16491
더덕 Duck 🐦,TOP,10629,16478
pkt,VNM,10632,16307
yuno,VNM,10631,16178
Ruan Kimi,TOP,10630,16008
수박이,KOR,10623,15920
AnhTuấn,WWW,10627,15801
데몬,KOR,10623,15663
TùLong,TOP,10629,15594
Illrrrrr,TOP,10629,15594
T ☆⁂e｡ KA,WWW,10626,15558
Regista,TOP,10629,15451
총이,TOP,10630,15349
JzTeppiz,WWW,10627,15141
samssong,TOP,10629,15133
ヘリオスATHX,WWW,10627,14935
Luffy,WWW,10627,14681
⬜Rụt Rè,TOP,10630,14541
Milo3010,VNM,10632,14310
Tiêu Tiêu♌,VNM,10632,14308
Lio ちゃん,VNM,10631,14074
米米,WWW,10626,13938
사이다,TOP,10630,13938
비연,TOP,10629,13839
礦泉水,WWW,10626,13731
Hà Kute ❄️,WWW,10626,13724
XiaoKai,KOR,10624,13524
Tomato 🍅,WWW,10626,13477
Mee 🐳,KOR,10624,13432
Cream,KOR,10624,13386
윤윤 YY,TOP,10629,13300
Busan진구,KOR,10623,13294
겨울 Winter,TOP,10629,13232
MaryMòMéo,WWW,10626,13213
아웅,TOP,10629,13179
짱규님,KOR,10623,13165
VINAMILK 🐄,VNM,10632,13110
Hwang Yu,KOR,10623,12903
VuaHảiTặc,VNM,10632,12903
백정,KOR,10623,12864
대무는 해리포터 🪄,KOR,10624,12803
ONE,KOR,10623,12732
Sotu,TOP,10629,12619
드래곤,TOP,10629,12523
YUKI,TOP,10630,12178
Linh,TOP,10629,12153
DK,KOR,10624,12144
🍀Anna🍀,KOR,10623,12030
PDH888,WWW,10627,11937
Thành chủ,VNM,10632,11829
猛獸,KOR,10623,11823
にぃ_Nii,VNM,10631,11821
皮皮寅虎,TOP,10630,11764
Freyan,VNM,10631,11661
리처드,TOP,10630,11519
EBI,WWW,10627,11516
Mihieee,VNM,10631,11454
더반,KOR,10623,11320
YANG,TOP,10630,11274
Ninh An,WWW,10626,11199
3 Bích ♠️,WWW,10626,11178
Hoàng フィ,VNM,10631,11047
Tùn Cherry,WWW,10626,11046
송송다,TOP,10629,11040
Fox Kute 🦊,WWW,10626,11040
•메리 Lành,TOP,10630,10998
나눔 Nanoom,TOP,10629,10902
Méo mồm 💋,WWW,10627,10901
Pelican,WWW,10626,10890
Luna,WWW,10626,10867
Bí Bầu Bí,WWW,10626,10848
Rồng PY,KOR,10624,10798
lord farqu,TOP,10629,10785
Forthesell,KOR,10624,10727
Kutsuru,WWW,10626,10695
AmberS,VNM,10631,10695
Black,TOP,10629,10626
Tiểu Min,WWW,10627,10592
데이 Day,TOP,10629,10509
Dolphin,VNM,10632,10492
MH,WWW,10627,10301
anhFBI,VNM,10632,10280
Mây,WWW,10626,10193
Dior ✨,WWW,10626,10143
Bé XuânMai,WWW,10627,10074
Lychnobite,KOR,10624,9936
V,WWW,10626,9867
세이라 SEIRA,TOP,10629,9808
아하 🌸,TOP,10630,9799
Bongbong K,KOR,10623,9763
Phước Cún,VNM,10632,9725
꼬깃,KOR,10623,9451
Deeeju,WWW,10627,9404
Ant,WWW,10626,9349
Trung Kiến,KOR,10624,9315
옆집아재,KOR,10623,9246
BinzKa,WWW,10626,9246
CHAMA,KOR,10623,9210
Danbo,VNM,10632,9173
Văn Minh,WWW,10627,8901
Faker,TOP,10629,8901
Rãnh 🌷Ran,TOP,10629,8832
JENNI,KOR,10624,8796
Queen,VNM,10632,8685
Shen,WWW,10627,8625
Hải 🌽,WWW,10626,8587
"V0IDX,MaX",WWW,10626,8431
Spiderart,TOP,10629,8425
TiểuSưMụi,VNM,10632,8331
규환♡,KOR,10623,8280
HƯỞNG Tỷ,VNM,10631,8231
Format,WWW,10627,8206
동차,KOR,10623,8203
ODIN,KOR,10623,8186
sinfulsuru,WWW,10626,8073
TYM3R,WWW,10627,8063
Ghibli,TOP,10629,7962
Hạo 🫐,WWW,10626,7931
MieMie,KOR,10624,7864
Kẹo Đồng,VNM,10631,7806
Thanh y,TOP,10630,7779
HuuThanhhh,TOP,10630,7761
SHINO,KOR,10623,7751
Hiếu💙VN,WWW,10627,7659
Lilith ちゃん,VNM,10631,7658
👀👀👀,TOP,10629,7623
_❄️Nguyễn 🌼,VNM,10631,7616
Peacemaker,KOR,10623,7585
1000냥,TOP,10630,7584
잔다_Jandark,TOP,10630,7524
Kevin,VNM,10631,7522
백수,TOP,10629,7521
Lukka,TOP,10629,7445
Mc Donald,WWW,10626,7411
Stara,TOP,10630,7411
Ho Ya 😻,TOP,10630,7374
Lynnnnn,VNM,10632,7346
Daniel,WWW,10627,7305
sky,WWW,10627,7273
사상,TOP,10629,7176
tomatoto,KOR,10623,7168
Nger 🔵,VNM,10631,7070
LEOVIP72,VNM,10631,6999
🔲🌀hoy🌀🔲 🚙,VNM,10632,6963
Thái_TL,VNM,10631,6961
Lisa,KOR,10624,6825
ROKMC,KOR,10623,6820
Jiaz,TOP,10630,6792
저주,TOP,10630,6766
Jisoo,KOR,10624,6762
자바리파커,KOR,10623,6760
An Nhiên,KOR,10624,6757
Aydar,VNM,10631,6724
작두도사,KOR,10623,6720
TitanPanda,KOR,10624,6567
Cường91,VNM,10631,6566
anan,VNM,10632,6550
kehùydiet,VNM,10632,6537
xekojimmy,WWW,10626,6415
Jonvely♡,KOR,10623,6382
Sóc con,VNM,10631,6381
🦋Jessy🦋,WWW,10627,6380
Gioggio99,WWW,10627,6337
바다,TOP,10629,6279
찐배_JB,KOR,10624,6279
VuaĐạoTặc™,VNM,10632,6267
Linh♥,VNM,10632,6244
TJ,KOR,10624,6242
minmin2020,TOP,10629,6210
흐흥흐흥,KOR,10623,6140
G7x0w,TOP,10629,6137
Chocolate,WWW,10627,6036
Beer ⬜,WWW,10626,6003
Hino玉☆,WWW,10627,5943
Đời Thừa,WWW,10627,5934
lucete,TOP,10629,5846
Hằng,VNM,10632,5820
CảnhNguyễn,VNM,10632,5608
JaJa,VNM,10631,5588
Dứa,VNM,10632,5569
Tôm 🍤,VNM,10632,5497
Lord SFTL,TOP,10629,5483
Yêu xe đỏ,VNM,10631,5451
Mèo Vàng,VNM,10632,5381
오리엔탈,VNM,10631,5375
VietNG,VNM,10631,5312
꼬깃,KOR,10623,5276
Golden Cat,VNM,10632,5242
Emmi,WWW,10626,5241
종이인형,KOR,10623,5181
슈,KOR,10624,5171
Shanks,KOR,10624,5166
돼지인형,KOR,10623,5140
Thanhle01,VNM,10631,5139
Lunari,TOP,10629,5091
믹스 Mix,TOP,10629,5037
Maru,VNM,10631,5000
Kcat 💜,WWW,10627,4894
♡Rosé,KOR,10624,4893
작은아이,KOR,10623,4837
Aetos,VNM,10632,4657
GiaFatLuon,WWW,10626,4619
BenĐángYêu,VNM,10631,4608
lyn,KOR,10623,4572
Coco,KOR,10624,4546
Wicked,WWW,10627,4516
Xuân Bắc,VNM,10632,4410
☆Vijtアヒル☆,VNM,10631,4379
ataxxin,VNM,10632,4280
TRÀ 🫐,WWW,10626,4233
Dáh Cherry,WWW,10626,4211
루치페르 💧,WWW,10626,4209
again,KOR,10623,4144
BoB 🎈,TOP,10629,4140
Necare,WWW,10626,4140
NiiiiiiiN,VNM,10631,4116
Popol Kupa,KOR,10623,4071
Silver 🐾,TOP,10629,4051
jphi 🥭,WWW,10626,3999
SUZUKI,KOR,10623,3997
GummyBear,KOR,10623,3957
파란하늘,KOR,10623,3878
Sunny ☀️,KOR,10624,3853
경 Lovelo,TOP,10629,3806
✨Mashi 🧬,TOP,10629,3726
인천미식가,TOP,10630,3685
Khỉ ăn 🧅,WWW,10626,3656
봉지야밥먹자,KOR,10624,3651
Cạp con,TOP,10629,3628
Unlucky 🐓,VNM,10631,3551
Luczz,VNM,10632,3343
소,TOP,10630,3243
짜롱,KOR,10623,3240
LordBeavis,WWW,10626,3171
Ambasa,KOR,10623,3105
🔱Vua Gấu,VNM,10632,3000
Mamutto,WWW,10626,2996
누룽ㅈㅣ,KOR,10623,2981
Mozgini,VNM,10632,2922
💜Kana💜💜,WWW,10627,2892
두아름,TOP,10629,2819
Nauuuuuu,VNM,10631,2745
thlinhxinh,VNM,10631,2516
BUMBUM,VNM,10631,2512
Đậu⭐,VNM,10632,2419
나윤지빈,KOR,10623,2416
TaboNguyen,VNM,10632,2377
xSky,WWW,10626,2352
Huyết Rồng,VNM,10632,2254
Grace,VNM,10632,2187
AZA,VNM,10631,2187
맥구,KOR,10624,2122
twilight,VNM,10631,2030
Ma,VNM,10632,2010
Lạc Rang G,VNM,10631,1961
Leonard,VNM,10631,1920
wei wei,KOR,10623,1894
쪼아,KOR,10623,1891
0d236,VNM,10631,1828
Sanji,VNM,10632,1770
JustMihie ✨,VNM,10631,1690
율율,KOR,10623,1657
Avocado 🥑,WWW,10626,1621
🦉,VNM,10632,1339
Lofi Monk,VNM,10632,1317
Chang 🌻,VNM,10631,1230
VuaXàoChè,VNM,10632,1173
그냥함,KOR,10623,1089
💋*BiBi*💋,VNM,10631,1045
Muse,KOR,10623,1032
섬광,KOR,10623,953
FF🔥👊,TOP,10629,874
Title,KOR,10624,690
Bear,VNM,10631,660
TườngVyAnn,VNM,10632,571
키르히아이스,KOR,10623,550
ChồngJameo,VNM,10631,414
Phượng Đào,WWW,10627,327
다올하비,KOR,10623,172
Chủ quán,VNM,10632,172
