Lie,TOP,10630,26432
MinnyMinny,WWW,10627,23345
헬렌 Helen,TOP,10630,22754
DEVIL,KOR,10624,21850
DORAYME,WWW,10627,21560
테슬라,TOP,10630,20953
Jennie 🔥,WWW,10626,20838
VôMinh,TOP,10630,20562
Yamato,WWW,10627,20516
Dance 🌐털보,TOP,10630,20364
👀Ver Cận,WWW,10626,20171
Ari,KOR,10624,20055
Vua Tộc,VNM,10632,19182
WABI,KOR,10624,19136
ShiBi,VNM,10632,19007
Rocky,TOP,10630,18906
I am wal,VNM,10632,18906
몽 🐾,TOP,10630,18906
Ssun,TOP,10629,18768
Angie 💜,TOP,10630,18768
March CG,KOR,10623,18764
Julie,TOP,10630,18744
Anubis,KOR,10624,18699
Ditto 💥,KOR,10624,18400
Der Held,VNM,10632,18377
루아리 Luari,TOP,10629,18169
GodLike,TOP,10629,18078
____SIMBÃ 🦁,WWW,10626,18052
23savage,TOP,10630,17914
khéo bánh,WWW,10627,17457
shank one,TOP,10630,17457
Vũ84,WWW,10627,17388
SEA,KOR,10624,17250
HữuMinh,TOP,10630,17112
kiw 🥝,WWW,10626,17043
Pork Belly,WWW,10627,16974
Ung 🌈철웅,TOP,10630,16974
AppleC 🍎,VNM,10632,16974
阿弦,WWW,10626,16905
짱하 고해뜰날,TOP,10629,16831
Hot dog,TOP,10630,16698
xuyt 👻,VNM,10631,16594
Vua Mèo,VNM,10632,16491
구름 cloud,TOP,10629,16468
VuaLâmTặc,VNM,10632,16215
• Nami,TOP,10630,16179
RyanNguyen,WWW,10627,16106
Oakzapata,TOP,10630,16008
씨아럽,TOP,10629,15834
SAIMING 🌿,WWW,10626,15752
Peekaboo,TOP,10629,15375
Yuihin,TOP,10630,15042
• Saint •,WWW,10626,14868
Daisy,WWW,10627,14766
Jayce,TOP,10629,14352
IT ☆A%e・KA,WWW,10626,14351
더억 Duck 🐦,TOP,10629,14237
Maybach,WWW,10627,14109
💜かすん💜🫐,WWW,10626,14076
Kent,KOR,10624,14076
👻Khỉ Mập,WWW,10626,13938
✊mute 🔇,WWW,10627,13935
shizuku,KOR,10623,13548
Lêu Lêu 🐣,WWW,10627,13524
Ares,TOP,10629,13523
처리,TOP,10630,13477
Ares,KOR,10623,13317
何必問,WWW,10626,13288
Miu 🎀,WWW,10626,13139
LAM,KOR,10624,13004
Spirit,WWW,10626,12972
Chrollo,KOR,10624,12833
samssong,TOP,10629,12822
아오,KOR,10623,12764
Ruan Kimi,TOP,10630,12627
무쌍,TOP,10630,12627
jyuno,VNM,10631,12591
데몬,KOR,10623,12558
阿猫,WWW,10626,12454
meiko_G,TOP,10630,12315
Orthos,WWW,10627,12315
Mee 🐋,KOR,10624,12213
Hoshi,KOR,10624,12132
chacha,TOP,10629,12093
VINAMILK 🐄,VNM,10632,12075
IzTeppiz,WWW,10627,12074
인터쉽,KOR,10623,11968
Sotu,TOP,10629,11861
AnhTuấn,WWW,10627,11799
Linh,TOP,10629,11402
망나니 mang,TOP,10629,11279
IIIIIlrrrrrr,TOP,10629,11247
Lory,WWW,10626,11211
드래곤,TOP,10629,11143
DK,KOR,10624,11109
Cream,KOR,10624,11109
ヘリオスATHX,WWW,10627,11003
KSHunter,TOP,10630,10963
사이다,TOP,10630,10902
TúLong,TOP,10629,10833
PDH888,WWW,10627,10833
Tiểu Tiêu Ω,VNM,10632,10654
XiaoKai,KOR,10624,10557
ONE,KOR,10623,10548
겨울 Winter,TOP,10629,10405
브란데테,TOP,10630,10280
나눔 Nanoom,TOP,10629,10143
Evil Son,WWW,10627,10143
Hà Kute ❄️❄️,WWW,10626,9965
米米,WWW,10626,9798
猛獸,KOR,10623,9733
SOM,KOR,10623,9729
짱규님,KOR,10623,9681
Milo3010,VNM,10632,9654
POWER,TOP,10630,9645
pkt,VNM,10632,9574
아하 🌸,TOP,10630,9570
VuaHảiTặc,VNM,10632,9522
Black,TOP,10629,9522
Freyan,VNM,10631,9453
Rụt Rè,TOP,10630,9439
수박이,KOR,10623,9337
Jollibee 🐸,WWW,10626,9315
•메리 Lành,TOP,10630,9274
대무는 해리포터 🪄,KOR,10624,9245
Lio ちゃん,VNM,10631,9210
ALD1,KOR,10624,9209
AmberS,VNM,10631,9177
송송다,TOP,10629,9177
Luffy,WWW,10627,9172
礦泉水,WWW,10626,9108
Hwang Yu,KOR,10623,9039
백정,KOR,10623,9001
비연,TOP,10629,8970
Mihieee,VNM,10631,8970
Hoàng フィ,VNM,10631,8955
EBI,WWW,10627,8931
皮皮寅虎,TOP,10630,8866
Ninh An,WWW,10626,8854
윤윤 YY,TOP,10629,8781
Kutsuru,WWW,10626,8763
Lychnobite,KOR,10624,8760
MaryMòMèo,WWW,10626,8659
YaYa 🌼,TOP,10629,8602
Bé XuânMai,WWW,10627,8556
Tomato 🔵,WWW,10626,8546
Văn Minh,WWW,10627,8487
Méo mồm 💋,WWW,10627,8486
3 Bích ♠️,WWW,10626,8280
아웅,TOP,10629,8211
anhFBI,VNM,10632,8197
🍀Anna🍀,KOR,10623,8173
리처드,TOP,10630,8173
Hải 🌽,WWW,10626,8173
Queen,VNM,10632,8168
더반,KOR,10623,8162
Fox Kute 🦊,WWW,10626,8073
Bongbong K,KOR,10623,8038
Luna,WWW,10626,7866
Tiểu Min,WWW,10627,7846
Forthesell,KOR,10624,7829
V,WWW,10626,7797
Ant,WWW,10626,7714
YUKI,TOP,10630,7693
Bi Bầu Bí,WWW,10626,7657
Busan진구,KOR,10623,7636
🥭Chua lè,TOP,10629,7623
Shen,WWW,10627,7521
Tūn Cherry,WWW,10626,7451
Regista,TOP,10629,7449
にい_Nii,VNM,10631,7336
Deeju,WWW,10627,7322
Danbo,VNM,10632,7242
세이라 SEIRA,TOP,10629,7152
Phước Cún,VNM,10632,6992
Dior ✨,WWW,10626,6969
YANG,TOP,10630,6964
Spiderart,TOP,10629,6955
Mc Donald,WWW,10626,6895
TYM3R,WWW,10627,6857
lord farqu,TOP,10629,6856
❄️Nguyễn 🌸,VNM,10631,6832
옆집아재,KOR,10623,6831
Thành chủ,VNM,10632,6731
1000냥,TOP,10630,6722
Thanh y,TOP,10630,6668
JENNI,KOR,10624,6623
ODIN,KOR,10623,6599
Kẹo Đồng,VNM,10631,6499
Rãnh 🌷Ran,TOP,10629,6486
Faker,TOP,10629,6417
종이,TOP,10630,6381
MieMie,KOR,10624,6346
데이 Day,TOP,10629,6339
Nger ◼️,VNM,10631,6312
ROKMC,KOR,10623,6304
tomatoto,KOR,10623,6135
동차,KOR,10623,6134
Rồng PY,KOR,10624,6106
Ghibli,TOP,10629,6081
HuuThanhh,TOP,10630,6036
Peacemaker,KOR,10623,6035
HƯỞng Tỷ,VNM,10631,6014
꾹깃,KOR,10623,5933
궁단 💨,KOR,10624,5912
BinzKa,WWW,10626,5865
사상,TOP,10629,5658
중키엔,KOR,10624,5589
Pelican,WWW,10626,5554
Gioggio99,WWW,10627,5522
Jisoo,KOR,10624,5520
SHINO,KOR,10623,5513
Mây,WWW,10626,5489
TJ,KOR,10624,5449
sinfulsuru,WWW,10626,5313
Lukka,TOP,10629,5308
Jiaz,TOP,10630,5275
Đời Thừa,WWW,10627,5244
CHAMA,KOR,10623,5243
Daniel,WWW,10627,5237
TitanPanda,KOR,10624,5195
Lilith ちゃん,VNM,10631,5174
흐흐흐흐흐,KOR,10623,5161
자바리파커,KOR,10623,5160
Mèo Vàng,VNM,10632,5036
lucete,TOP,10629,5006
Linh♡,VNM,10632,4996
VuaĐạoTặc™,VNM,10632,4994
Đứa,VNM,10632,4917
Kevin,VNM,10631,4903
Ho Ya 🥶,TOP,10630,4893
TiểuSưMuội,VNM,10632,4704
Dolphin,VNM,10632,4673
Jonvely♡,KOR,10623,4657
sky,WWW,10627,4653
Hạo 🍎,WWW,10626,4621
Cường91,VNM,10631,4606
Lisa,KOR,10624,4571
종이인형,KOR,10623,4529
Beer ⬜,WWW,10626,4485
규환♡,KOR,10623,4485
Thanhle01,VNM,10631,4467
LEOVIP72,VNM,10631,4379
Jessy 🪷,WWW,10627,4379
작두도사,KOR,10623,4368
찐빼_JB,KOR,10624,4347
minmin2020,TOP,10629,4347
xekojimmy,WWW,10626,4209
Kcat 💜,WWW,10627,4205
BoB 🎈,TOP,10629,4140
Hiếu💞VN,WWW,10627,4140
돼지인형,KOR,10623,4132
Stara,TOP,10630,4102
Thái_TL,VNM,10631,4086
Golden Cat,VNM,10632,4069
저주,TOP,10630,4003
JaJa,VNM,10631,3987
Sóc con,VNM,10631,3967
바다,TOP,10629,3933
Maru,VNM,10631,3889
Format,WWW,10627,3860
An Nhiên,KOR,10624,3828
Shanks,KOR,10624,3788
오리엔탈,VNM,10631,3756
Lunari,TOP,10629,3690
Coco,KOR,10624,3686
phi 🥭,WWW,10626,3654
GummyBear,KOR,10623,3613
Xuân Bắc,VNM,10632,3600
G7x0w,TOP,10629,3584
파란하늘,KOR,10623,3535
ataxxin,VNM,10632,3464
믹스 Mix,TOP,10629,3450
☆Vijtアヒル☆,VNM,10631,3448
슈,KOR,10624,3447
ωииy,WWW,10627,3414
Yêu xe đỏ,VNM,10631,3381
janan,VNM,10632,3359
Aydar,VNM,10631,3344
짜롱,KOR,10623,3240
Cạp con,TOP,10629,3225
VOIDX MaX,WWW,10626,3203
GiaFatLuon,WWW,10626,3172
TRÀ 🍈,WWW,10626,3158
Ambasa,KOR,10623,3105
Hino玉☆,WWW,10627,3069
Đánh Cherry,WWW,10626,3068
kehuydiet,VNM,10632,3008
🔱Vua Gấu,VNM,10632,3000
LordBeavis,WWW,10626,2999
누룽ㅈㅣ,KOR,10623,2981
☁️༻hųy༺☁️🚘,VNM,10632,2974
VietNG,VNM,10631,2966
잔다_Jandark,TOP,10630,2939
Wicked,WWW,10627,2929
Tôm 🍤,VNM,10632,2903
소,TOP,10630,2829
Mamutto,WWW,10626,2824
lyn,KOR,10623,2808
SUZUKI,KOR,10623,2793
Lynnппп,VNM,10632,2793
Vua Ton,VNM,10632,2790
루치페르 🍼,WWW,10626,2760
♡Rosé,KOR,10624,2757
💜Kana💜,WWW,10627,2720
Popol Kupa,KOR,10623,2691
인천미식가,TOP,10630,2652
✨Mashi 🎶,TOP,10629,2622
봉이야밥먹자,KOR,10624,2618
꾹깃,KOR,10623,2551
Emmi,WWW,10626,2551
Khi ăn 🧅,WWW,10626,2449
again,KOR,10623,2408
Sunny ☀️,KOR,10624,2383
작은아이,KOR,10623,2354
CảnhNguyễn ~,VNM,10632,2317
Mozgini,VNM,10632,2235
TaboNguyen,VNM,10632,2205
Grace,VNM,10632,2187
BUMBUM,VNM,10631,2186
jthlinhxing,VNM,10631,2171
Necare,WWW,10626,2139
Nauuuuuu,VNM,10631,2026
Luczz,VNM,10632,1998
Lạc Rang G,VNM,10631,1961
BenĐángYêu,VNM,10631,1928
Aetos,VNM,10632,1897
Huyết Rồng,VNM,10632,1862
AZA,VNM,10631,1844
Đậu ☆,VNM,10632,1765
Itwilight,VNM,10631,1730
wei wei,KOR,10623,1722
JustMihie ✨,VNM,10631,1690
JxSky,WWW,10626,1680
경 Lovelo,TOP,10629,1664
Leonard,VNM,10631,1560
율율,KOR,10623,1543
Sanji,VNM,10632,1470
0d236,VNM,10631,1436
Unlucky 🐔,VNM,10631,1379
🦉,VNM,10632,1339
Avocado 🥑,WWW,10626,1276
Chang 💙,VNM,10631,1230
쪼아,KOR,10623,1146
Lofi Monk,VNM,10632,1145
그냥함,KOR,10623,1089
💋*BiBi*💋,VNM,10631,1045
Lord SFTL,TOP,10629,1035
섬광,KOR,10623,953
NiiiiiiiiN,VNM,10631,817
Muse,KOR,10623,746
Bear,VNM,10631,660
Ma,VNM,10632,660
나윤지빈,KOR,10623,652
TườngVyAnn,VNM,10632,571
키르히아이스,KOR,10623,500
맥구,KOR,10624,458
Silver 🐾🐾,TOP,10629,392
VuaXàoChè,VNM,10632,345
Phước Đào,WWW,10627,327
다올하비,KOR,10623,172
